1,Aaliyah
2,Aaron
3,Abagail
4,Abbey
5,Abbie
6,Abbigail
7,Abby
8,Abdiel
9,Abdul
10,Abdullah
11,Abe
12,Abel
13,Abelardo
14,Abigail
15,Abigale
16,Abigayle
17,Abner
18,Abraham
19,Ada
20,Adah
21,Adalberto
22,Adaline
23,Adam
24,Adan
25,Addie
26,Addison
27,Adela
28,Adelbert
29,Adele
30,Adelia
31,Adeline
32,Adell
33,Adella
34,Adelle
35,Aditya
36,Adolf
37,Adolfo
38,Adolph
39,Adolphus
40,Adonis
41,Adrain
42,Adrian
43,Adriana
44,Adrianna
45,Adriel
46,Adrien
47,Adrienne
48,Afton
49,Aglae
50,Agnes
51,Agustin
52,Agustina
53,Ahmad
54,Ahmed
55,Aida
56,Aidan
57,Aiden
58,Aileen
59,Aimee
60,Aisha
61,Aiyana
62,Akeem
63,Al
64,Alaina
65,Alan
66,Alana
67,Alanis
68,Alanna
69,Alayna
70,Alba
71,Albert
72,Alberta
73,Albertha
74,Alberto
75,Albin
76,Albina
77,Alda
78,Alden
79,Alec
80,Aleen
81,Alejandra
82,Alejandrin
83,Alek
84,Alena
85,Alene
86,Alessandra
87,Alessandro
88,Alessia
89,Aletha
90,Alex
91,Alexa
92,Alexander
93,Alexandra
94,Alexandre
95,Alexandrea
96,Alexandria
97,Alexandrine
98,Alexandro
99,Alexane
100,Alexanne
101,Alexie
102,Alexis
103,Alexys
104,Alexzander
105,Alf
106,Alfonso
107,Alfonzo
108,Alford
109,Alfred
110,Alfreda
111,Alfredo
112,Ali
113,Alia
114,Alice
115,Alicia
116,Alisa
117,Alisha
118,Alison
119,Alivia
120,Aliya
121,Aliyah
122,Aliza
123,Alize
124,Allan
125,Allen
126,Allene
127,Allie
128,Allison
129,Ally
130,Alphonso
131,Alta
132,Althea
133,Alva
134,Alvah
135,Alvena
136,Alvera
137,Alverta
138,Alvina
139,Alvis
140,Alyce
141,Alycia
142,Alysa
143,Alysha
144,Alyson
145,Alysson
146,Amalia
147,Amanda
148,Amani
149,Amara
150,Amari
151,Amaya
152,Amber
153,Ambrose
154,Amelia
155,Amelie
156,Amely
157,America
158,Americo
159,Amie
160,Amina
161,Amir
162,Amira
163,Amiya
164,Amos
165,Amparo
166,Amy
167,Amya
168,Ana
169,Anabel
170,Anabelle
171,Anahi
172,Anais
173,Anastacio
174,Anastasia
175,Anderson
176,Andre
177,Andreane
178,Andreanne
179,Andres
180,Andrew
181,Andy
182,Angel
183,Angela
184,Angelica
185,Angelina
186,Angeline
187,Angelita
188,Angelo
189,Angie
190,Angus
191,Anibal
192,Anika
193,Anissa
194,Anita
195,Aniya
196,Aniyah
197,Anjali
198,Anna
199,Annabel
200,Annabell
201,Annabelle
202,Annalise
203,Annamae
204,Annamarie
205,Anne
206,Annetta
207,Annette
208,Annie
209,Ansel
210,Ansley
211,Anthony
212,Antoinette
213,Antone
214,Antonetta
215,Antonette
216,Antonia
217,Antonietta
218,Antonina
219,Antonio
220,Antwan
221,Antwon
222,Anya
223,April
224,Ara
225,Araceli
226,Aracely
227,Arch
228,Archibald
229,Ardella
230,Arden
231,Ardith
232,Arely
233,Ari
234,Ariane
235,Arianna
236,Aric
237,Ariel
238,Arielle
239,Arjun
240,Arlene
241,Arlie
242,Arlo
243,Armand
244,Armando
245,Armani
246,Arnaldo
247,Arne
248,Arno
249,Arnold
250,Arnoldo
251,Arnulfo
252,Aron
253,Art
254,Arthur
255,Arturo
256,Arvel
257,Arvid
258,Arvilla
259,Aryanna
260,Asa
261,Asha
262,Ashlee
263,Ashleigh
264,Ashley
265,Ashly
266,Ashlynn
267,Ashton
268,Ashtyn
269,Asia
270,Assunta
271,Astrid
272,Athena
273,Aubree
274,Aubrey
275,Audie
276,Audra
277,Audreanne
278,Audrey
279,August
280,Augusta
281,Augustine
282,Augustus
283,Aurelia
284,Aurelie
285,Aurelio
286,Aurore
287,Austen
288,Austin
289,Austyn
290,Autumn
291,Ava
292,Avery
293,Avis
294,Axel
295,Ayana
296,Ayden
297,Ayla
298,Aylin
299,Baby
300,Bailee
301,Bailey
302,Barbara
303,Barney
304,Baron
305,Barrett
306,Barry
307,Bart
308,Bartholome
309,Barton
310,Baylee
311,Beatrice
312,Beau
313,Beaulah
314,Bell
315,Bella
316,Belle
317,Ben
318,Benedict
319,Benjamin
320,Bennett
321,Bennie
322,Benny
323,Benton
324,Berenice
325,Bernadette
326,Bernadine
327,Bernard
328,Bernardo
329,Berneice
330,Bernhard
331,Bernice
332,Bernie
333,Berniece
334,Bernita
335,Berry
336,Bert
337,Berta
338,Bertha
339,Bertram
340,Bertrand
341,Beryl
342,Bessie
343,Beth
344,Bethany
345,Bethel
346,Betsy
347,Bette
348,Bettie
349,Betty
350,Bettye
351,Beulah
352,Beverly
353,Bianka
354,Bill
355,Billie
356,Billy
357,Birdie
358,Blair
359,Blaise
360,Blake
361,Blanca
362,Blanche
363,Blaze
364,Bo
365,Bobbie
366,Bobby
367,Bonita
368,Bonnie
369,Boris
370,Boyd
371,Brad
372,Braden
373,Bradford
374,Bradley
375,Bradly
376,Brady
377,Braeden
378,Brain
379,Brandi
380,Brando
381,Brandon
382,Brandt
383,Brandy
384,Brandyn
385,Brannon
386,Branson
387,Brant
388,Braulio
389,Braxton
390,Brayan
391,Breana
392,Breanna
393,Breanne
394,Brenda
395,Brendan
396,Brenden
397,Brendon
398,Brenna
399,Brennan
400,Brennon
401,Brent
402,Bret
403,Brett
404,Bria
405,Brian
406,Briana
407,Brianne
408,Brice
409,Bridget
410,Bridgette
411,Bridie
412,Brielle
413,Brigitte
414,Brionna
415,Brisa
416,Britney
417,Brittany
418,Brock
419,Broderick
420,Brody
421,Brook
422,Brooke
423,Brooklyn
424,Brooks
425,Brown
426,Bruce
427,Bryana
428,Bryce
429,Brycen
430,Bryon
431,Buck
432,Bud
433,Buddy
434,Buford
435,Bulah
436,Burdette
437,Burley
438,Burnice
439,Buster
440,Cade
441,Caden
442,Caesar
443,Caitlyn
444,Cale
445,Caleb
446,Caleigh
447,Cali
448,Calista
449,Callie
450,Camden
451,Cameron
452,Camila
453,Camilla
454,Camille
455,Camren
456,Camron
457,Camryn
458,Camylle
459,Candace
460,Candelario
461,Candice
462,Candida
463,Candido
464,Cara
465,Carey
466,Carissa
467,Carlee
468,Carleton
469,Carley
470,Carli
471,Carlie
472,Carlo
473,Carlos
474,Carlotta
475,Carmel
476,Carmela
477,Carmella
478,Carmelo
479,Carmen
480,Carmine
481,Carol
482,Carolanne
483,Carole
484,Carolina
485,Caroline
486,Carolyn
487,Carolyne
488,Carrie
489,Carroll
490,Carson
491,Carter
492,Cary
493,Casandra
494,Casey
495,Casimer
496,Casimir
497,Casper
498,Cassandra
499,Cassandre
500,Cassidy
501,Cassie
502,Catalina
503,Caterina
504,Catharine
505,Catherine
506,Cathrine
507,Cathryn
508,Cathy
509,Cayla
510,Ceasar
511,Cecelia
512,Cecil
513,Cecile
514,Cecilia
515,Cedrick
516,Celestine
517,Celestino
518,Celia
519,Celine
520,Cesar
521,Chad
522,Chadd
523,Chadrick
524,Chaim
525,Chance
526,Chandler
527,Chanel
528,Chanelle
529,Charity
530,Charlene
531,Charles
532,Charley
533,Charlie
534,Charlotte
535,Chase
536,Chasity
537,Chauncey
538,Chaya
539,Chaz
540,Chelsea
541,Chelsey
542,Chelsie
543,Chesley
544,Chester
545,Chet
546,Cheyanne
547,Cheyenne
548,Chloe
549,Chris
550,Christ
551,Christa
552,Christelle
553,Christian
554,Christiana
555,Christina
556,Christine
557,Christop
558,Christophe
559,Christopher
560,Christy
561,Chyna
562,Ciara
563,Cicero
564,Cielo
565,Cierra
566,Cindy
567,Citlalli
568,Clair
569,Claire
570,Clara
571,Clarabelle
572,Clare
573,Clarissa
574,Clark
575,Claud
576,Claude
577,Claudia
578,Claudie
579,Claudine
580,Clay
581,Clemens
582,Clement
583,Clementina
584,Clementine
585,Clemmie
586,Cleo
587,Cleora
588,Cleta
589,Cletus
590,Cleve
591,Cleveland
592,Clifford
593,Clifton
594,Clint
595,Clinton
596,Clotilde
597,Clovis
598,Cloyd
599,Clyde
600,Coby
601,Cody
602,Colby
603,Cole
604,Coleman
605,Colin
606,Colleen
607,Collin
608,Colt
609,Colten
610,Colton
611,Columbus
612,Concepcion
613,Conner
614,Connie
615,Connor
616,Conor
617,Conrad
618,Constance
619,Constantin
620,Consuelo
621,Cooper
622,Cora
623,Coralie
624,Corbin
625,Cordelia
626,Cordell
627,Cordia
628,Cordie
629,Corene
630,Corine
631,Cornelius
632,Cornell
633,Corrine
634,Cortez
635,Cortney
636,Cory
637,Coty
638,Courtney
639,Coy
640,Craig
641,Crawford
642,Creola
643,Cristal
644,Cristian
645,Cristina
646,Cristobal
647,Cristopher
648,Cruz
649,Crystal
650,Crystel
651,Cullen
652,Curt
653,Curtis
654,Cydney
655,Cynthia
656,Cyril
657,Cyrus
658,Dagmar
659,Dahlia
660,Daija
661,Daisha
662,Daisy
663,Dakota
664,Dale
665,Dallas
666,Dallin
667,Dalton
668,Damaris
669,Dameon
670,Damian
671,Damien
672,Damion
673,Damon
674,Dan
675,Dana
676,Dandre
677,Dane
678,Dangelo
679,D'angelo
680,Danial
681,Daniela
682,Daniella
683,Danielle
684,Danika
685,Dannie
686,Danny
687,Dante
688,Danyka
689,Daphne
690,Daphnee
691,Daphney
692,Darby
693,Daren
694,Darian
695,Dariana
696,Darien
697,Dario
698,Darion
699,Darius
700,Darlene
701,Daron
702,Darrel
703,Darrell
704,Darren
705,Darrick
706,Darrin
707,Darrion
708,Darron
709,Darryl
710,Darwin
711,Daryl
712,Dashawn
713,Dasia
714,Dave
715,David
716,Davin
717,Davion
718,Davon
719,Davonte
720,Dawn
721,Dawson
722,Dax
723,Dayana
724,Dayna
725,Dayne
726,Dayton
727,Dean
728,Deangelo
729,Deanna
730,Deborah
731,Declan
732,Dedric
733,Dedrick
734,Dee
735,Deion
736,Deja
737,Dejah
738,Dejon
739,Dejuan
740,Delaney
741,Delbert
742,Delfina
743,Delia
744,Delilah
745,Dell
746,Della
747,Delmer
748,Delores
749,Delpha
750,Delphia
751,Delphine
752,Delta
753,Demarco
754,Demarcus
755,Demario
756,Demetris
757,Demetrius
758,Demond
759,Dena
760,Denis
761,Dennis
762,Deon
763,Deondre
764,Deontae
765,Deonte
766,Dereck
767,Derek
768,Derick
769,Deron
770,Derrick
771,Deshaun
772,Deshawn
773,Desiree
774,Desmond
775,Dessie
776,Destany
777,Destin
778,Destinee
779,Destiney
780,Destini
781,Destiny
782,Devan
783,Devante
784,Deven
785,Devin
786,Devon
787,Devonte
788,Devyn
789,Dewayne
790,Dewitt
791,Dexter
792,Diamond
793,Diana
794,Dianna
795,Diego
796,Dillan
797,Dillon
798,Dimitri
799,Dina
800,Dino
801,Dion
802,Dixie
803,Dock
804,Dolly
805,Dolores
806,Domenic
807,Domenica
808,Domenick
809,Domenico
810,Domingo
811,Dominic
812,Dominique
813,Don
814,Donald
815,Donato
816,Donavon
817,Donna
818,Donnell
819,Donnie
820,Donny
821,Dora
822,Dorcas
823,Dorian
824,Doris
825,Dorothea
826,Dorothy
827,Dorris
828,Dortha
829,Dorthy
830,Doug
831,Douglas
832,Dovie
833,Doyle
834,Drake
835,Drew
836,Duane
837,Dudley
838,Dulce
839,Duncan
840,Durward
841,Dustin
842,Dusty
843,Dwight
844,Dylan
845,Earl
846,Earlene
847,Earline
848,Earnest
849,Earnestine
850,Easter
851,Easton
852,Ebba
853,Ebony
854,Ed
855,Eda
856,Edd
857,Eddie
858,Eden
859,Edgar
860,Edgardo
861,Edison
862,Edmond
863,Edmund
864,Edna
865,Eduardo
866,Edward
867,Edwardo
868,Edwin
869,Edwina
870,Edyth
871,Edythe
872,Effie
873,Efrain
874,Efren
875,Eileen
876,Einar
877,Eino
878,Eladio
879,Elaina
880,Elbert
881,Elda
882,Eldon
883,Eldora
884,Eldred
885,Eldridge
886,Eleanora
887,Eleanore
888,Eleazar
889,Electa
890,Elena
891,Elenor
892,Elenora
893,Eleonore
894,Elfrieda
895,Eli
896,Elian
897,Eliane
898,Elias
899,Eliezer
900,Elijah
901,Elinor
902,Elinore
903,Elisa
904,Elisabeth
905,Elise
906,Eliseo
907,Elisha
908,Elissa
909,Eliza
910,Elizabeth
911,Ella
912,Ellen
913,Ellie
914,Elliot
915,Elliott
916,Ellis
917,Ellsworth
918,Elmer
919,Elmira
920,Elmo
921,Elmore
922,Elna
923,Elnora
924,Elody
925,Eloisa
926,Eloise
927,Elouise
928,Eloy
929,Elroy
930,Elsa
931,Else
932,Elsie
933,Elta
934,Elton
935,Elva
936,Elvera
937,Elvie
938,Elvis
939,Elwin
940,Elwyn
941,Elyse
942,Elyssa
943,Elza
944,Emanuel
945,Emelia
946,Emelie
947,Emely
948,Emerald
949,Emerson
950,Emery
951,Emie
952,Emil
953,Emile
954,Emilia
955,Emiliano
956,Emilie
957,Emilio
958,Emily
959,Emma
960,Emmalee
961,Emmanuel
962,Emmanuelle
963,Emmet
964,Emmett
965,Emmie
966,Emmitt
967,Emmy
968,Emory
969,Ena
970,Enid
971,Enoch
972,Enola
973,Enos
974,Enrico
975,Enrique
976,Ephraim
977,Era
978,Eriberto
979,Eric
980,Erica
981,Erich
982,Erick
983,Ericka
984,Erik
985,Erika
986,Erin
987,Erling
988,Erna
989,Ernest
990,Ernestina
991,Ernestine
992,Ernesto
993,Ernie
994,Ervin
995,Erwin
996,Eryn
997,Esmeralda
998,Esperanza
999,Esta
1000,Esteban
1001,Estefania
1002,Estel
1003,Estell
1004,Estella
1005,Estelle
1006,Estevan
1007,Esther
1008,Estrella
1009,Etha
1010,Ethan
1011,Ethel
1012,Ethelyn
1013,Ethyl
1014,Ettie
1015,Eudora
1016,Eugene
1017,Eugenia
1018,Eula
1019,Eulah
1020,Eulalia
1021,Euna
1022,Eunice
1023,Eusebio
1024,Eva
1025,Evalyn
1026,Evan
1027,Evangeline
1028,Evans
1029,Eve
1030,Eveline
1031,Evelyn
1032,Everardo
1033,Everett
1034,Everette
1035,Evert
1036,Evie
1037,Ewald
1038,Ewell
1039,Ezekiel
1040,Ezequiel
1041,Ezra
1042,Fabian
1043,Fabiola
1044,Fae
1045,Fannie
1046,Fanny
1047,Fatima
1048,Faustino
1049,Fausto
1050,Favian
1051,Fay
1052,Faye
1053,Federico
1054,Felicia
1055,Felicita
1056,Felicity
1057,Felipa
1058,Felipe
1059,Felix
1060,Felton
1061,Fermin
1062,Fern
1063,Fernando
1064,Ferne
1065,Fidel
1066,Filiberto
1067,Filomena
1068,Finn
1069,Fiona
1070,Flavie
1071,Flavio
1072,Fleta
1073,Fletcher
1074,Flo
1075,Florence
1076,Florencio
1077,Florian
1078,Florida
1079,Florine
1080,Flossie
1081,Floy
1082,Floyd
1083,Ford
1084,Forest
1085,Forrest
1086,Foster
1087,Frances
1088,Francesca
1089,Francesco
1090,Francis
1091,Francisca
1092,Francisco
1093,Franco
1094,Frank
1095,Frankie
1096,Franz
1097,Fred
1098,Freda
1099,Freddie
1100,Freddy
1101,Frederic
1102,Frederick
1103,Frederik
1104,Frederique
1105,Fredrick
1106,Fredy
1107,Freeda
1108,Freeman
1109,Freida
1110,Frida
1111,Frieda
1112,Friedrich
1113,Fritz
1114,Furman
1115,Gabe
1116,Gabriel
1117,Gabriella
1118,Gabrielle
1119,Gaetano
1120,Gage
1121,Gail
1122,Gardner
1123,Garett
1124,Garfield
1125,Garland
1126,Garnet
1127,Garnett
1128,Garret
1129,Garrett
1130,Garrick
1131,Garrison
1132,Garry
1133,Garth
1134,Gaston
1135,Gavin
1136,Gay
1137,Gayle
1138,Gaylord
1139,Gene
1140,General
1141,Genesis
1142,Genevieve
1143,Gennaro
1144,Genoveva
1145,Geo
1146,Geoffrey
1147,George
1148,Georgette
1149,Georgiana
1150,Georgianna
1151,Geovanni
1152,Geovanny
1153,Geovany
1154,Gerald
1155,Geraldine
1156,Gerard
1157,Gerardo
1158,Gerda
1159,Gerhard
1160,Germaine
1161,German
1162,Gerry
1163,Gerson
1164,Gertrude
1165,Gia
1166,Gianni
1167,Gideon
1168,Gilbert
1169,Gilberto
1170,Gilda
1171,Giles
1172,Gillian
1173,Gina
1174,Gino
1175,Giovani
1176,Giovanna
1177,Giovanni
1178,Giovanny
1179,Gisselle
1180,Giuseppe
1181,Gladyce
1182,Gladys
1183,Glen
1184,Glenda
1185,Glenna
1186,Glennie
1187,Gloria
1188,Godfrey
1189,Golda
1190,Golden
1191,Gonzalo
1192,Gordon
1193,Grace
1194,Gracie
1195,Graciela
1196,Grady
1197,Graham
1198,Grant
1199,Granville
1200,Grayce
1201,Grayson
1202,Green
1203,Greg
1204,Gregg
1205,Gregoria
1206,Gregorio
1207,Gregory
1208,Greta
1209,Gretchen
1210,Greyson
1211,Griffin
1212,Grover
1213,Guadalupe
1214,Gudrun
1215,Guido
1216,Guillermo
1217,Guiseppe
1218,Gunnar
1219,Gunner
1220,Gus
1221,Gussie
1222,Gust
1223,Gustave
1224,Guy
1225,Gwen
1226,Gwendolyn
1227,Hadley
1228,Hailee
1229,Hailey
1230,Hailie
1231,Hal
1232,Haleigh
1233,Haley
1234,Halie
1235,Halle
1236,Hallie
1237,Hank
1238,Hanna
1239,Hannah
1240,Hans
1241,Hardy
1242,Harley
1243,Harmon
1244,Harmony
1245,Harold
1246,Harrison
1247,Harry
1248,Harvey
1249,Haskell
1250,Hassan
1251,Hassie
1252,Hattie
1253,Haven
1254,Hayden
1255,Haylee
1256,Hayley
1257,Haylie
1258,Hazel
1259,Hazle
1260,Heath
1261,Heather
1262,Heaven
1263,Heber
1264,Hector
1265,Heidi
1266,Helen
1267,Helena
1268,Helene
1269,Helga
1270,Hellen
1271,Helmer
1272,Heloise
1273,Henderson
1274,Henri
1275,Henriette
1276,Henry
1277,Herbert
1278,Herman
1279,Hermann
1280,Hermina
1281,Herminia
1282,Herminio
1283,Hershel
1284,Herta
1285,Hertha
1286,Hester
1287,Hettie
1288,Hilario
1289,Hilbert
1290,Hilda
1291,Hildegard
1292,Hillard
1293,Hillary
1294,Hilma
1295,Hilton
1296,Hipolito
1297,Hiram
1298,Hobart
1299,Holden
1300,Hollie
1301,Hollis
1302,Holly
1303,Hope
1304,Horace
1305,Horacio
1306,Hortense
1307,Hosea
1308,Houston
1309,Howard
1310,Howell
1311,Hoyt
1312,Hubert
1313,Hudson
1314,Hugh
1315,Hulda
1316,Humberto
1317,Hunter
1318,Hyman
1319,Ian
1320,Ibrahim
1321,Icie
1322,Ida
1323,Idell
1324,Idella
1325,Ignacio
1326,Ignatius
1327,Ike
1328,Ila
1329,Ilene
1330,Iliana
1331,Ima
1332,Imani
1333,Imelda
1334,Immanuel
1335,Imogene
1336,Ines
1337,Irma
1338,Irving
1339,Irwin
1340,Isaac
1341,Isabel
1342,Isabell
1343,Isabella
1344,Isabelle
1345,Isac
1346,Isadore
1347,Isai
1348,Isaiah
1349,Isaias
1350,Isidro
1351,Ismael
1352,Isobel
1353,Isom
1354,Israel
1355,Issac
1356,Itzel
1357,Iva
1358,Ivah
1359,Ivory
1360,Ivy
1361,Izabella
1362,Izaiah
1363,Jabari
1364,Jace
1365,Jacey
1366,Jacinthe
1367,Jacinto
1368,Jack
1369,Jackeline
1370,Jackie
1371,Jacklyn
1372,Jackson
1373,Jacky
1374,Jaclyn
1375,Jacquelyn
1376,Jacques
1377,Jacynthe
1378,Jada
1379,Jade
1380,Jaden
1381,Jadon
1382,Jadyn
1383,Jaeden
1384,Jaida
1385,Jaiden
1386,Jailyn
1387,Jaime
1388,Jairo
1389,Jakayla
1390,Jake
1391,Jakob
1392,Jaleel
1393,Jalen
1394,Jalon
1395,Jalyn
1396,Jamaal
1397,Jamal
1398,Jamar
1399,Jamarcus
1400,Jamel
1401,Jameson
1402,Jamey
1403,Jamie
1404,Jamil
1405,Jamir
1406,Jamison
1407,Jammie
1408,Jan
1409,Jana
1410,Janae
1411,Jane
1412,Janelle
1413,Janessa
1414,Janet
1415,Janice
1416,Janick
1417,Janie
1418,Janis
1419,Janiya
1420,Jannie
1421,Jany
1422,Jaquan
1423,Jaquelin
1424,Jaqueline
1425,Jared
1426,Jaren
1427,Jarod
1428,Jaron
1429,Jarred
1430,Jarrell
1431,Jarret
1432,Jarrett
1433,Jarrod
1434,Jarvis
1435,Jasen
1436,Jasmin
1437,Jason
1438,Jasper
1439,Jaunita
1440,Javier
1441,Javon
1442,Javonte
1443,Jay
1444,Jayce
1445,Jaycee
1446,Jayda
1447,Jayde
1448,Jayden
1449,Jaydon
1450,Jaylan
1451,Jaylen
1452,Jaylin
1453,Jaylon
1454,Jayme
1455,Jayne
1456,Jayson
1457,Jazlyn
1458,Jazmin
1459,Jazmyn
1460,Jazmyne
1461,Jean
1462,Jeanette
1463,Jeanie
1464,Jeanne
1465,Jed
1466,Jedediah
1467,Jedidiah
1468,Jeff
1469,Jefferey
1470,Jeffery
1471,Jeffrey
1472,Jeffry
1473,Jena
1474,Jenifer
1475,Jennie
1476,Jennifer
1477,Jennings
1478,Jennyfer
1479,Jensen
1480,Jerad
1481,Jerald
1482,Jeramie
1483,Jeramy
1484,Jerel
1485,Jeremie
1486,Jeremy
1487,Jermain
1488,Jermaine
1489,Jermey
1490,Jerod
1491,Jerome
1492,Jeromy
1493,Jerrell
1494,Jerrod
1495,Jerrold
1496,Jerry
1497,Jess
1498,Jesse
1499,Jessica
1500,Jessie
1501,Jessika
1502,Jessy
1503,Jessyca
1504,Jesus
1505,Jett
1506,Jettie
1507,Jevon
1508,Jewel
1509,Jewell
1510,Jillian
1511,Jimmie
1512,Jimmy
1513,Jo
1514,Joan
1515,Joana
1516,Joanie
1517,Joanne
1518,Joannie
1519,Joanny
1520,Joany
1521,Joaquin
1522,Jocelyn
1523,Jodie
1524,Jody
1525,Joe
1526,Joel
1527,Joelle
1528,Joesph
1529,Joey
1530,Johan
1531,Johann
1532,Johanna
1533,Johathan
1534,John
1535,Johnathan
1536,Johnathon
1537,Johnnie
1538,Johnny
1539,Johnpaul
1540,Johnson
1541,Jolie
1542,Jon
1543,Jonas
1544,Jonatan
1545,Jonathan
1546,Jonathon
1547,Jordan
1548,Jordane
1549,Jordi
1550,Jordon
1551,Jordy
1552,Jordyn
1553,Jorge
1554,Jose
1555,Josefa
1556,Josefina
1557,Joseph
1558,Josephine
1559,Josh
1560,Joshua
1561,Joshuah
1562,Josiah
1563,Josiane
1564,Josianne
1565,Josie
1566,Josue
1567,Jovan
1568,Jovani
1569,Jovanny
1570,Jovany
1571,Joy
1572,Joyce
1573,Juana
1574,Juanita
1575,Judah
1576,Judd
1577,Jude
1578,Judge
1579,Judson
1580,Judy
1581,Jules
1582,Julia
1583,Julian
1584,Juliana
1585,Julianne
1586,Julie
1587,Julien
1588,Juliet
1589,Julio
1590,Julius
1591,June
1592,Junior
1593,Junius
1594,Justen
1595,Justice
1596,Justina
1597,Justine
1598,Juston
1599,Justus
1600,Justyn
1601,Juvenal
1602,Juwan
1603,Kacey
1604,Kaci
1605,Kacie
1606,Kade
1607,Kaden
1608,Kadin
1609,Kaela
1610,Kaelyn
1611,Kaia
1612,Kailee
1613,Kailey
1614,Kailyn
1615,Kaitlin
1616,Kaitlyn
1617,Kale
1618,Kaleb
1619,Kaleigh
1620,Kaley
1621,Kali
1622,Kallie
1623,Kameron
1624,Kamille
1625,Kamren
1626,Kamron
1627,Kamryn
1628,Kane
1629,Kara
1630,Kareem
1631,Karelle
1632,Karen
1633,Kari
1634,Kariane
1635,Karianne
1636,Karina
1637,Karine
1638,Karl
1639,Karlee
1640,Karley
1641,Karli
1642,Karlie
1643,Karolann
1644,Karson
1645,Kasandra
1646,Kasey
1647,Kassandra
1648,Katarina
1649,Katelin
1650,Katelyn
1651,Katelynn
1652,Katharina
1653,Katherine
1654,Katheryn
1655,Kathleen
1656,Kathlyn
1657,Kathryn
1658,Kathryne
1659,Katlyn
1660,Katlynn
1661,Katrina
1662,Katrine
1663,Kattie
1664,Kavon
1665,Kay
1666,Kaya
1667,Kaycee
1668,Kayden
1669,Kayla
1670,Kaylah
1671,Kaylee
1672,Kayleigh
1673,Kayley
1674,Kayli
1675,Kaylie
1676,Kaylin
1677,Keagan
1678,Keanu
1679,Keara
1680,Keaton
1681,Keegan
1682,Keeley
1683,Keely
1684,Keenan
1685,Keira
1686,Keith
1687,Kellen
1688,Kelley
1689,Kelli
1690,Kellie
1691,Kelly
1692,Kelsi
1693,Kelsie
1694,Kelton
1695,Kelvin
1696,Ken
1697,Kendall
1698,Kendra
1699,Kendrick
1700,Kenna
1701,Kennedi
1702,Kennedy
1703,Kenneth
1704,Kennith
1705,Kenny
1706,Kenton
1707,Kenya
1708,Kenyatta
1709,Kenyon
1710,Keon
1711,Keshaun
1712,Keshawn
1713,Keven
1714,Kevin
1715,Kevon
1716,Keyon
1717,Keyshawn
1718,Khalid
1719,Khalil
1720,Kian
1721,Kiana
1722,Kianna
1723,Kiara
1724,Kiarra
1725,Kiel
1726,Kiera
1727,Kieran
1728,Kiley
1729,Kim
1730,Kimberly
1731,King
1732,Kip
1733,Kira
1734,Kirk
1735,Kirsten
1736,Kirstin
1737,Kitty
1738,Kobe
1739,Koby
1740,Kody
1741,Kolby
1742,Kole
1743,Korbin
1744,Korey
1745,Kory
1746,Kraig
1747,Kris
1748,Krista
1749,Kristian
1750,Kristin
1751,Kristina
1752,Kristofer
1753,Kristoffer
1754,Kristopher
1755,Kristy
1756,Krystal
1757,Krystel
1758,Krystina
1759,Kurt
1760,Kurtis
1761,Kyla
1762,Kyle
1763,Kylee
1764,Kyleigh
1765,Kyler
1766,Kylie
1767,Kyra
1768,Lacey
1769,Lacy
1770,Ladarius
1771,Lafayette
1772,Laila
1773,Laisha
1774,Lamar
1775,Lambert
1776,Lamont
1777,Lance
1778,Landen
1779,Lane
1780,Laney
1781,Larissa
1782,Laron
1783,Larry
1784,Larue
1785,Laura
1786,Laurel
1787,Lauren
1788,Laurence
1789,Lauretta
1790,Lauriane
1791,Laurianne
1792,Laurie
1793,Laurine
1794,Laury
1795,Lauryn
1796,Lavada
1797,Lavern
1798,Laverna
1799,Laverne
1800,Lavina
1801,Lavinia
1802,Lavon
1803,Lavonne
1804,Lawrence
1805,Lawson
1806,Layla
1807,Layne
1808,Lazaro
1809,Lea
1810,Leann
1811,Leanna
1812,Leanne
1813,Leatha
1814,Leda
1815,Lee
1816,Leif
1817,Leila
1818,Leilani
1819,Lela
1820,Lelah
1821,Leland
1822,Lelia
1823,Lempi
1824,Lemuel
1825,Lenna
1826,Lennie
1827,Lenny
1828,Lenora
1829,Lenore
1830,Leo
1831,Leola
1832,Leon
1833,Leonard
1834,Leonardo
1835,Leone
1836,Leonel
1837,Leonie
1838,Leonor
1839,Leonora
1840,Leopold
1841,Leopoldo
1842,Leora
1843,Lera
1844,Lesley
1845,Leslie
1846,Lesly
1847,Lessie
1848,Lester
1849,Leta
1850,Letha
1851,Letitia
1852,Levi
1853,Lew
1854,Lewis
1855,Lexi
1856,Lexie
1857,Lexus
1858,Lia
1859,Liam
1860,Liana
1861,Libbie
1862,Libby
1863,Lila
1864,Lilian
1865,Liliana
1866,Liliane
1867,Lilla
1868,Lillian
1869,Lilliana
1870,Lillie
1871,Lilly
1872,Lily
1873,Lilyan
1874,Lina
1875,Lincoln
1876,Linda
1877,Lindsay
1878,Lindsey
1879,Linnea
1880,Linnie
1881,Linwood
1882,Lionel
1883,Lisa
1884,Lisandro
1885,Lisette
1886,Litzy
1887,Liza
1888,Lizeth
1889,Lizzie
1890,Llewellyn
1891,Lloyd
1892,Logan
1893,Lois
1894,Lola
1895,Lolita
1896,Loma
1897,Lon
1898,London
1899,Lonie
1900,Lonnie
1901,Lonny
1902,Lonzo
1903,Lora
1904,Loraine
1905,Loren
1906,Lorena
1907,Lorenz
1908,Lorenza
1909,Lorenzo
1910,Lori
1911,Lorine
1912,Lorna
1913,Lottie
1914,Lou
1915,Louie
1916,Louisa
1917,Lourdes
1918,Louvenia
1919,Lowell
1920,Loy
1921,Loyal
1922,Loyce
1923,Lucas
1924,Luciano
1925,Lucie
1926,Lucienne
1927,Lucile
1928,Lucinda
1929,Lucio
1930,Lucious
1931,Lucius
1932,Lucy
1933,Ludie
1934,Ludwig
1935,Lue
1936,Luella
1937,Luigi
1938,Luis
1939,Luisa
1940,Lukas
1941,Lula
1942,Lulu
1943,Luna
1944,Lupe
1945,Lura
1946,Lurline
1947,Luther
1948,Luz
1949,Lyda
1950,Lydia
1951,Lyla
1952,Lynn
1953,Lyric
1954,Lysanne
1955,Mabel
1956,Mabelle
1957,Mable
1958,Mac
1959,Macey
1960,Maci
1961,Macie
1962,Mack
1963,Mackenzie
1964,Macy
1965,Madaline
1966,Madalyn
1967,Maddison
1968,Madeline
1969,Madelyn
1970,Madelynn
1971,Madge
1972,Madie
1973,Madilyn
1974,Madisen
1975,Madison
1976,Madisyn
1977,Madonna
1978,Madyson
1979,Mae
1980,Maegan
1981,Maeve
1982,Mafalda
1983,Magali
1984,Magdalen
1985,Magdalena
1986,Maggie
1987,Magnolia
1988,Magnus
1989,Maia
1990,Maida
1991,Maiya
1992,Major
1993,Makayla
1994,Makenna
1995,Makenzie
1996,Malachi
1997,Malcolm
1998,Malika
1999,Malinda
2000,Mallie
2001,Mallory
2002,Malvina
2003,Mandy
2004,Manley
2005,Manuel
2006,Manuela
2007,Mara
2008,Marc
2009,Marcel
2010,Marcelina
2011,Marcelino
2012,Marcella
2013,Marcelle
2014,Marcellus
2015,Marcelo
2016,Marcia
2017,Marco
2018,Marcos
2019,Marcus
2020,Margaret
2021,Margarete
2022,Margarett
2023,Margaretta
2024,Margarette
2025,Margarita
2026,Marge
2027,Margie
2028,Margot
2029,Margret
2030,Marguerite
2031,Maria
2032,Mariah
2033,Mariam
2034,Marian
2035,Mariana
2036,Mariane
2037,Marianna
2038,Marianne
2039,Mariano
2040,Maribel
2041,Marie
2042,Mariela
2043,Marielle
2044,Marietta
2045,Marilie
2046,Marilou
2047,Marilyne
2048,Marina
2049,Mario
2050,Marion
2051,Marisa
2052,Marisol
2053,Maritza
2054,Marjolaine
2055,Marjorie
2056,Marjory
2057,Mark
2058,Markus
2059,Marlee
2060,Marlen
2061,Marlene
2062,Marley
2063,Marlin
2064,Marlon
2065,Marques
2066,Marquis
2067,Marquise
2068,Marshall
2069,Marta
2070,Martin
2071,Martina
2072,Martine
2073,Marty
2074,Marvin
2075,Mary
2076,Maryam
2077,Maryjane
2078,Maryse
2079,Mason
2080,Mateo
2081,Mathew
2082,Mathias
2083,Mathilde
2084,Matilda
2085,Matilde
2086,Matt
2087,Matteo
2088,Mattie
2089,Maud
2090,Maude
2091,Maudie
2092,Maureen
2093,Maurice
2094,Mauricio
2095,Maurine
2096,Maverick
2097,Mavis
2098,Max
2099,Maxie
2100,Maxime
2101,Maximilian
2102,Maximillia
2103,Maximillian
2104,Maximo
2105,Maximus
2106,Maxine
2107,Maxwell
2108,May
2109,Maya
2110,Maybell
2111,Maybelle
2112,Maye
2113,Maymie
2114,Maynard
2115,Mayra
2116,Mazie
2117,Mckayla
2118,Mckenna
2119,Mckenzie
2120,Meagan
2121,Meaghan
2122,Meda
2123,Megane
2124,Meggie
2125,Meghan
2126,Mekhi
2127,Melany
2128,Melba
2129,Melisa
2130,Melissa
2131,Mellie
2132,Melody
2133,Melvin
2134,Melvina
2135,Melyna
2136,Melyssa
2137,Mercedes
2138,Meredith
2139,Merl
2140,Merle
2141,Merlin
2142,Merritt
2143,Mertie
2144,Mervin
2145,Meta
2146,Mia
2147,Micaela
2148,Micah
2149,Michael
2150,Michaela
2151,Michale
2152,Micheal
2153,Michel
2154,Michele
2155,Michelle
2156,Miguel
2157,Mikayla
2158,Mike
2159,Mikel
2160,Milan
2161,Miles
2162,Milford
2163,Miller
2164,Millie
2165,Milo
2166,Milton
2167,Mina
2168,Minerva
2169,Minnie
2170,Miracle
2171,Mireille
2172,Mireya
2173,Misael
2174,Missouri
2175,Misty
2176,Mitchel
2177,Mitchell
2178,Mittie
2179,Modesta
2180,Modesto
2181,Mohamed
2182,Mohammad
2183,Mohammed
2184,Moises
2185,Mollie
2186,Molly
2187,Mona
2188,Monica
2189,Monique
2190,Monroe
2191,Monserrat
2192,Monserrate
2193,Montana
2194,Monte
2195,Monty
2196,Morgan
2197,Moriah
2198,Morris
2199,Mortimer
2200,Morton
2201,Mose
2202,Moses
2203,Moshe
2204,Mossie
2205,Mozell
2206,Mozelle
2207,Muhammad
2208,Muriel
2209,Murl
2210,Murphy
2211,Murray
2212,Mustafa
2213,Mya
2214,Myah
2215,Mylene
2216,Myles
2217,Myra
2218,Myriam
2219,Myrl
2220,Myrna
2221,Myron
2222,Myrtice
2223,Myrtie
2224,Myrtis
2225,Myrtle
2226,Nadia
2227,Nakia
2228,Name
2229,Nannie
2230,Naomi
2231,Naomie
2232,Napoleon
2233,Narciso
2234,Nash
2235,Nasir
2236,Nat
2237,Natalia
2238,Natalie
2239,Natasha
2240,Nathan
2241,Nathanael
2242,Nathanial
2243,Nathaniel
2244,Nathen
2245,Nayeli
2246,Neal
2247,Ned
2248,Nedra
2249,Neha
2250,Neil
2251,Nelda
2252,Nella
2253,Nelle
2254,Nellie
2255,Nels
2256,Nelson
2257,Neoma
2258,Nestor
2259,Nettie
2260,Neva
2261,Newell
2262,Newton
2263,Nia
2264,Nicholas
2265,Nicholaus
2266,Nichole
2267,Nick
2268,Nicklaus
2269,Nickolas
2270,Nico
2271,Nicola
2272,Nicolas
2273,Nicole
2274,Nicolette
2275,Nigel
2276,Nikita
2277,Nikki
2278,Nikko
2279,Niko
2280,Nikolas
2281,Nils
2282,Nina
2283,Noah
2284,Noble
2285,Noe
2286,Noel
2287,Noelia
2288,Noemi
2289,Noemie
2290,Noemy
2291,Nola
2292,Nolan
2293,Nona
2294,Nora
2295,Norbert
2296,Norberto
2297,Norene
2298,Norma
2299,Norris
2300,Norval
2301,Norwood
2302,Nova
2303,Novella
2304,Nya
2305,Nyah
2306,Nyasia
2307,Obie
2308,Oceane
2309,Ocie
2310,Octavia
2311,Oda
2312,Odell
2313,Odessa
2314,Odie
2315,Ofelia
2316,Okey
2317,Ola
2318,Olaf
2319,Ole
2320,Olen
2321,Oleta
2322,Olga
2323,Olin
2324,Oliver
2325,Ollie
2326,Oma
2327,Omari
2328,Omer
2329,Ona
2330,Onie
2331,Opal
2332,Ophelia
2333,Ora
2334,Oral
2335,Oran
2336,Oren
2337,Orie
2338,Orin
2339,Orion
2340,Orland
2341,Orlando
2342,Orlo
2343,Orpha
2344,Orrin
2345,Orval
2346,Orville
2347,Osbaldo
2348,Osborne
2349,Oscar
2350,Osvaldo
2351,Oswald
2352,Oswaldo
2353,Otha
2354,Otho
2355,Otilia
2356,Otis
2357,Ottilie
2358,Ottis
2359,Otto
2360,Ova
2361,Owen
2362,Ozella
2363,Pablo
2364,Paige
2365,Palma
2366,Pamela
2367,Pansy
2368,Paolo
2369,Paris
2370,Parker
2371,Pascale
2372,Pasquale
2373,Pat
2374,Patience
2375,Patricia
2376,Patrick
2377,Patsy
2378,Pattie
2379,Paul
2380,Paula
2381,Pauline
2382,Paxton
2383,Payton
2384,Pearl
2385,Pearlie
2386,Pearline
2387,Pedro
2388,Peggie
2389,Penelope
2390,Percival
2391,Percy
2392,Perry
2393,Pete
2394,Peter
2395,Petra
2396,Peyton
2397,Philip
2398,Phoebe
2399,Phyllis
2400,Pierce
2401,Pierre
2402,Pietro
2403,Pink
2404,Pinkie
2405,Piper
2406,Polly
2407,Porter
2408,Precious
2409,Presley
2410,Preston
2411,Price
2412,Prince
2413,Princess
2414,Priscilla
2415,Providenci
2416,Prudence
2417,Queen
2418,Queenie
2419,Quentin
2420,Quincy
2421,Quinn
2422,Quinten
2423,Quinton
2424,Rachael
2425,Rachel
2426,Rachelle
2427,Rae
2428,Raegan
2429,Rafael
2430,Rafaela
2431,Raheem
2432,Rahsaan
2433,Rahul
2434,Raina
2435,Raleigh
2436,Ralph
2437,Ramiro
2438,Ramon
2439,Ramona
2440,Randal
2441,Randall
2442,Randi
2443,Randy
2444,Ransom
2445,Raoul
2446,Raphael
2447,Raphaelle
2448,Raquel
2449,Rashad
2450,Rashawn
2451,Rasheed
2452,Raul
2453,Raven
2454,Ray
2455,Raymond
2456,Raymundo
2457,Reagan
2458,Reanna
2459,Reba
2460,Rebeca
2461,Rebecca
2462,Rebeka
2463,Rebekah
2464,Reece
2465,Reed
2466,Reese
2467,Regan
2468,Reggie
2469,Reginald
2470,Reid
2471,Reilly
2472,Reina
2473,Reinhold
2474,Remington
2475,Rene
2476,Renee
2477,Ressie
2478,Reta
2479,Retha
2480,Retta
2481,Reuben
2482,Reva
2483,Rex
2484,Rey
2485,Reyes
2486,Reymundo
2487,Reyna
2488,Reynold
2489,Rhea
2490,Rhett
2491,Rhianna
2492,Rhiannon
2493,Rhoda
2494,Ricardo
2495,Richard
2496,Richie
2497,Richmond
2498,Rick
2499,Rickey
2500,Rickie
2501,Ricky
2502,Rico
2503,Rigoberto
2504,Riley
2505,Rita
2506,River
2507,Robb
2508,Robbie
2509,Robert
2510,Roberta
2511,Roberto
2512,Robin
2513,Robyn
2514,Rocio
2515,Rocky
2516,Rod
2517,Roderick
2518,Rodger
2519,Rodolfo
2520,Rodrick
2521,Rodrigo
2522,Roel
2523,Rogelio
2524,Roger
2525,Rogers
2526,Rolando
2527,Rollin
2528,Roma
2529,Romaine
2530,Roman
2531,Ron
2532,Ronaldo
2533,Ronny
2534,Roosevelt
2535,Rory
2536,Rosa
2537,Rosalee
2538,Rosalia
2539,Rosalind
2540,Rosalinda
2541,Rosalyn
2542,Rosamond
2543,Rosanna
2544,Rosario
2545,Roscoe
2546,Rose
2547,Rosella
2548,Roselyn
2549,Rosemarie
2550,Rosemary
2551,Rosendo
2552,Rosetta
2553,Rosie
2554,Rosina
2555,Roslyn
2556,Ross
2557,Rossie
2558,Rowan
2559,Rowena
2560,Rowland
2561,Roxane
2562,Roxanne
2563,Roy
2564,Royal
2565,Royce
2566,Rozella
2567,Ruben
2568,Rubie
2569,Ruby
2570,Rubye
2571,Rudolph
2572,Rudy
2573,Rupert
2574,Russ
2575,Russel
2576,Russell
2577,Rusty
2578,Ruth
2579,Ruthe
2580,Ruthie
2581,Ryan
2582,Ryann
2583,Ryder
2584,Rylan
2585,Rylee
2586,Ryleigh
2587,Ryley
2588,Sabina
2589,Sabrina
2590,Sabryna
2591,Sadie
2592,Sadye
2593,Sage
2594,Saige
2595,Sallie
2596,Sally
2597,Salma
2598,Salvador
2599,Salvatore
2600,Sam
2601,Samanta
2602,Samantha
2603,Samara
2604,Samir
2605,Sammie
2606,Sammy
2607,Samson
2608,Sandra
2609,Sandrine
2610,Sandy
2611,Sanford
2612,Santa
2613,Santiago
2614,Santina
2615,Santino
2616,Santos
2617,Sarah
2618,Sarai
2619,Sarina
2620,Sasha
2621,Saul
2622,Savanah
2623,Savanna
2624,Savannah
2625,Savion
2626,Scarlett
2627,Schuyler
2628,Scot
2629,Scottie
2630,Scotty
2631,Seamus
2632,Sean
2633,Sebastian
2634,Sedrick
2635,Selena
2636,Selina
2637,Selmer
2638,Serena
2639,Serenity
2640,Seth
2641,Shad
2642,Shaina
2643,Shakira
2644,Shana
2645,Shane
2646,Shanel
2647,Shanelle
2648,Shania
2649,Shanie
2650,Shaniya
2651,Shanna
2652,Shannon
2653,Shanny
2654,Shanon
2655,Shany
2656,Sharon
2657,Shaun
2658,Shawn
2659,Shawna
2660,Shaylee
2661,Shayna
2662,Shayne
2663,Shea
2664,Sheila
2665,Sheldon
2666,Shemar
2667,Sheridan
2668,Sherman
2669,Sherwood
2670,Shirley
2671,Shyann
2672,Shyanne
2673,Sibyl
2674,Sid
2675,Sidney
2676,Sienna
2677,Sierra
2678,Sigmund
2679,Sigrid
2680,Sigurd
2681,Silas
2682,Sim
2683,Simeon
2684,Simone
2685,Sincere
2686,Sister
2687,Skye
2688,Skyla
2689,Skylar
2690,Sofia
2691,Soledad
2692,Solon
2693,Sonia
2694,Sonny
2695,Sonya
2696,Sophia
2697,Sophie
2698,Spencer
2699,Stacey
2700,Stacy
2701,Stan
2702,Stanford
2703,Stanley
2704,Stanton
2705,Stefan
2706,Stefanie
2707,Stella
2708,Stephan
2709,Stephania
2710,Stephanie
2711,Stephany
2712,Stephen
2713,Stephon
2714,Sterling
2715,Steve
2716,Stevie
2717,Stewart
2718,Stone
2719,Stuart
2720,Summer
2721,Sunny
2722,Susan
2723,Susana
2724,Susanna
2725,Susie
2726,Suzanne
2727,Sven
2728,Syble
2729,Sydnee
2730,Sydney
2731,Sydni
2732,Sydnie
2733,Sylvan
2734,Sylvester
2735,Sylvia
2736,Tabitha
2737,Tad
2738,Talia
2739,Talon
2740,Tamara
2741,Tamia
2742,Tania
2743,Tanner
2744,Tanya
2745,Tara
2746,Taryn
2747,Tate
2748,Tatum
2749,Tatyana
2750,Taurean
2751,Tavares
2752,Taya
2753,Taylor
2754,Teagan
2755,Ted
2756,Telly
2757,Terence
2758,Teresa
2759,Terrance
2760,Terrell
2761,Terrence
2762,Terrill
2763,Terry
2764,Tess
2765,Tessie
2766,Tevin
2767,Thad
2768,Thaddeus
2769,Thalia
2770,Thea
2771,Thelma
2772,Theo
2773,Theodora
2774,Theodore
2775,Theresa
2776,Therese
2777,Theresia
2778,Theron
2779,Thomas
2780,Thora
2781,Thurman
2782,Tia
2783,Tiana
2784,Tianna
2785,Tiara
2786,Tierra
2787,Tiffany
2788,Tillman
2789,Timmothy
2790,Timmy
2791,Timothy
2792,Tina
2793,Tito
2794,Titus
2795,Tobin
2796,Toby
2797,Tod
2798,Tom
2799,Tomas
2800,Tomasa
2801,Tommie
2802,Toney
2803,Toni
2804,Tony
2805,Torey
2806,Torrance
2807,Torrey
2808,Toy
2809,Trace
2810,Tracey
2811,Tracy
2812,Travis
2813,Travon
2814,Tre
2815,Tremaine
2816,Tremayne
2817,Trent
2818,Trenton
2819,Tressa
2820,Tressie
2821,Treva
2822,Trever
2823,Trevion
2824,Trevor
2825,Trey
2826,Trinity
2827,Trisha
2828,Tristian
2829,Tristin
2830,Triston
2831,Troy
2832,Trudie
2833,Trycia
2834,Trystan
2835,Turner
2836,Twila
2837,Tyler
2838,Tyra
2839,Tyree
2840,Tyreek
2841,Tyrel
2842,Tyrell
2843,Tyrese
2844,Tyrique
2845,Tyshawn
2846,Tyson
2847,Ubaldo
2848,Ulices
2849,Ulises
2850,Una
2851,Unique
2852,Urban
2853,Uriah
2854,Uriel
2855,Ursula
2856,Vada
2857,Valentin
2858,Valentina
2859,Valentine
2860,Valerie
2861,Vallie
2862,Van
2863,Vance
2864,Vanessa
2865,Vaughn
2866,Veda
2867,Velda
2868,Vella
2869,Velma
2870,Velva
2871,Vena
2872,Verda
2873,Verdie
2874,Vergie
2875,Verla
2876,Verlie
2877,Vern
2878,Verna
2879,Verner
2880,Vernice
2881,Vernie
2882,Vernon
2883,Verona
2884,Veronica
2885,Vesta
2886,Vicenta
2887,Vicente
2888,Vickie
2889,Vicky
2890,Victor
2891,Victoria
2892,Vida
2893,Vidal
2894,Vilma
2895,Vince
2896,Vincent
2897,Vincenza
2898,Vincenzo
2899,Vinnie
2900,Viola
2901,Violet
2902,Violette
2903,Virgie
2904,Virgil
2905,Virginia
2906,Virginie
2907,Vita
2908,Vito
2909,Viva
2910,Vivian
2911,Viviane
2912,Vivianne
2913,Vivien
2914,Vivienne
2915,Vladimir
2916,Wade
2917,Waino
2918,Waldo
2919,Walker
2920,Wallace
2921,Walter
2922,Walton
2923,Wanda
2924,Ward
2925,Warren
2926,Watson
2927,Wava
2928,Waylon
2929,Wayne
2930,Webster
2931,Weldon
2932,Wellington
2933,Wendell
2934,Wendy
2935,Werner
2936,Westley
2937,Weston
2938,Whitney
2939,Wilber
2940,Wilbert
2941,Wilburn
2942,Wiley
2943,Wilford
2944,Wilfred
2945,Wilfredo
2946,Wilfrid
2947,Wilhelm
2948,Wilhelmine
2949,Will
2950,Willa
2951,Willard
2952,William
2953,Willie
2954,Willis
2955,Willow
2956,Willy
2957,Wilma
2958,Wilmer
2959,Wilson
2960,Wilton
2961,Winfield
2962,Winifred
2963,Winnifred
2964,Winona
2965,Winston
2966,Woodrow
2967,Wyatt
2968,Wyman
2969,Xander
2970,Xavier
2971,Xzavier
2972,Yadira
2973,Yasmeen
2974,Yasmin
2975,Yasmine
2976,Yazmin
2977,Yesenia
2978,Yessenia
2979,Yolanda
2980,Yoshiko
2981,Yvette
2982,Yvonne
2983,Zachariah
2984,Zachary
2985,Zachery
2986,Zack
2987,Zackary
2988,Zackery
2989,Zakary
2990,Zander
2991,Zane
2992,Zaria
2993,Zechariah
2994,Zelda
2995,Zella
2996,Zelma
2997,Zena
2998,Zetta
2999,Zion
3000,Zita
3001,Zoe
3002,Zoey
3003,Zoie
3004,Zoila
3005,Zola
3006,Zora
3007,Zula
