1,Abbott
2,Abernathy
3,Abshire
4,Adams
5,Altenwerth
6,Anderson
7,Ankunding
8,Armstrong
9,Auer
10,Aufderhar
11,Bahringer
12,Bailey
13,Balistreri
14,Barrows
15,Bartell
16,Bartoletti
17,Barton
18,Bashirian
19,Batz
20,Bauch
21,Baumbach
22,Bayer
23,Beahan
24,Beatty
25,Bechtelar
26,Becker
27,Bednar
28,Beer
29,Beier
30,Berge
31,Bergnaum
32,Bergstrom
33,Bernhard
34,Bernier
35,Bins
36,Blanda
37,Blick
38,Block
39,Bode
40,Boehm
41,Bogan
42,Bogisich
43,Borer
44,Bosco
45,Botsford
46,Boyer
47,Boyle
48,Bradtke
49,Brakus
50,Braun
51,Breitenberg
52,Brekke
53,Brown
54,Bruen
55,Buckridge
56,Carroll
57,Carter
58,Cartwright
59,Casper
60,Cassin
61,Champlin
62,Christiansen
63,Cole
64,Collier
65,Collins
66,Conn
67,Connelly
68,Conroy
69,Considine
70,Corkery
71,Cormier
72,Corwin
73,Cremin
74,Crist
75,Crona
76,Cronin
77,Crooks
78,Cruickshank
79,Cummerata
80,Cummings
81,Dach
82,D'Amore
83,Daniel
84,Dare
85,Daugherty
86,Davis
87,Deckow
88,Denesik
89,Dibbert
90,Dickens
91,Dicki
92,Dickinson
93,Dietrich
94,Donnelly
95,Dooley
96,Douglas
97,Doyle
98,DuBuque
99,Durgan
100,Ebert
101,Effertz
102,Eichmann
103,Emard
104,Emmerich
105,Erdman
106,Ernser
107,Fadel
108,Fahey
109,Farrell
110,Fay
111,Feeney
112,Feest
113,Feil
114,Ferry
115,Fisher
116,Flatley
117,Frami
118,Franecki
119,Friesen
120,Fritsch
121,Funk
122,Gaylord
123,Gerhold
124,Gerlach
125,Gibson
126,Gislason
127,Gleason
128,Gleichner
129,Glover
130,Goldner
131,Goodwin
132,Gorczany
133,Gottlieb
134,Goyette
135,Grady
136,Graham
137,Grant
138,Green
139,Greenfelder
140,Greenholt
141,Grimes
142,Gulgowski
143,Gusikowski
144,Gutkowski
145,Gutmann
146,Haag
147,Hackett
148,Hagenes
149,Hahn
150,Haley
151,Halvorson
152,Hamill
153,Hammes
154,Hand
155,Hane
156,Hansen
157,Harber
158,Harris
159,Hartmann
160,Harvey
161,Hauck
162,Hayes
163,Heaney
164,Heathcote
165,Hegmann
166,Heidenreich
167,Heller
168,Herman
169,Hermann
170,Hermiston
171,Herzog
172,Hessel
173,Hettinger
174,Hickle
175,Hilll
176,Hills
177,Hilpert
178,Hintz
179,Hirthe
180,Hodkiewicz
181,Hoeger
182,Homenick
183,Hoppe
184,Howe
185,Howell
186,Hudson
187,Huel
188,Huels
189,Hyatt
190,Jacobi
191,Jacobs
192,Jacobson
193,Jakubowski
194,Jaskolski
195,Jast
196,Jenkins
197,Jerde
198,Johns
199,Johnson
200,Johnston
201,Jones
202,Kassulke
203,Kautzer
204,Keebler
205,Keeling
206,Kemmer
207,Kerluke
208,Kertzmann
209,Kessler
210,Kiehn
211,Kihn
212,Kilback
213,King
214,Kirlin
215,Klein
216,Kling
217,Klocko
218,Koch
219,Koelpin
220,Koepp
221,Kohler
222,Konopelski
223,Koss
224,Kovacek
225,Kozey
226,Krajcik
227,Kreiger
228,Kris
229,Kshlerin
230,Kub
231,Kuhic
232,Kuhlman
233,Kuhn
234,Kulas
235,Kunde
236,Kunze
237,Kuphal
238,Kutch
239,Kuvalis
240,Labadie
241,Lakin
242,Lang
243,Langosh
244,Langworth
245,Larkin
246,Larson
247,Leannon
248,Lebsack
249,Ledner
250,Leffler
251,Legros
252,Lehner
253,Lemke
254,Lesch
255,Leuschke
256,Lind
257,Lindgren
258,Littel
259,Little
260,Lockman
261,Lowe
262,Lubowitz
263,Lueilwitz
264,Luettgen
265,Lynch
266,Macejkovic
267,Maggio
268,Mann
269,Mante
270,Marks
271,Marquardt
272,Marvin
273,Mayer
274,Mayert
275,McClure
276,McCullough
277,McDermott
278,McGlynn
279,McKenzie
280,McLaughlin
281,Medhurst
282,Mertz
283,Metz
284,Miller
285,Mills
286,Mitchell
287,Moen
288,Mohr
289,Monahan
290,Moore
291,Morar
292,Morissette
293,Mosciski
294,Mraz
295,Mueller
296,Muller
297,Murazik
298,Murphy
299,Murray
300,Nader
301,Nicolas
302,Nienow
303,Nikolaus
304,Nitzsche
305,Nolan
306,Oberbrunner
307,O'Connell
308,O'Conner
309,O'Hara
310,O'Keefe
311,O'Kon
312,Okuneva
313,Olson
314,Ondricka
315,O'Reilly
316,Orn
317,Ortiz
318,Osinski
319,Pacocha
320,Padberg
321,Pagac
322,Parisian
323,Parker
324,Paucek
325,Pfannerstill
326,Pfeffer
327,Pollich
328,Pouros
329,Powlowski
330,Predovic
331,Price
332,Prohaska
333,Prosacco
334,Purdy
335,Quigley
336,Quitzon
337,Rath
338,Ratke
339,Rau
340,Raynor
341,Reichel
342,Reichert
343,Reilly
344,Reinger
345,Rempel
346,Renner
347,Reynolds
348,Rice
349,Rippin
350,Ritchie
351,Robel
352,Roberts
353,Rodriguez
354,Rogahn
355,Rohan
356,Rolfson
357,Romaguera
358,Roob
359,Rosenbaum
360,Rowe
361,Ruecker
362,Runolfsdottir
363,Runolfsson
364,Runte
365,Russel
366,Rutherford
367,Ryan
368,Sanford
369,Satterfield
370,Sauer
371,Sawayn
372,Schaden
373,Schaefer
374,Schamberger
375,Schiller
376,Schimmel
377,Schinner
378,Schmeler
379,Schmidt
380,Schmitt
381,Schneider
382,Schoen
383,Schowalter
384,Schroeder
385,Schulist
386,Schultz
387,Schumm
388,Schuppe
389,Schuster
390,Senger
391,Shanahan
392,Shields
393,Simonis
394,Sipes
395,Skiles
396,Smith
397,Smitham
398,Spencer
399,Spinka
400,Sporer
401,Stamm
402,Stanton
403,Stark
404,Stehr
405,Steuber
406,Stiedemann
407,Stokes
408,Stoltenberg
409,Stracke
410,Streich
411,Stroman
412,Strosin
413,Swaniawski
414,Swift
415,Terry
416,Thiel
417,Thompson
418,Tillman
419,Torp
420,Torphy
421,Towne
422,Toy
423,Trantow
424,Tremblay
425,Treutel
426,Tromp
427,Turcotte
428,Turner
429,Ullrich
430,Upton
431,Vandervort
432,Veum
433,Volkman
434,Von
435,VonRueden
436,Waelchi
437,Walker
438,Walsh
439,Walter
440,Ward
441,Waters
442,Watsica
443,Weber
444,Wehner
445,Weimann
446,Weissnat
447,Welch
448,West
449,White
450,Wiegand
451,Wilderman
452,Wilkinson
453,Will
454,Williamson
455,Willms
456,Windler
457,Wintheiser
458,Wisoky
459,Wisozk
460,Witting
461,Wiza
462,Wolf
463,Wolff
464,Wuckert
465,Wunsch
466,Wyman
467,Yost
468,Yundt
469,Zboncak
470,Zemlak
471,Ziemann
472,Zieme
473,Zulauf
